OpportunityID,Name,AccountID,LeadID,Stage,Probability,EstimatedValue,ExpectedCloseDate,ActualCloseDate,Status,Description,OwnerID,CreatedOn,ModifiedOn
OPP-001,Web Application,ACC-004,LEAD-001,Discovery,30,23147,2025-05-22,2025-03-10,Won,Simulate real-world attacks against web applications to identify vulnerabilities and weaknesses.,USER-017,2025-02-25,2025-03-10
OPP-002,Database Encryption,ACC-002,LEAD-004,Discovery,90,20356,2025-08-19,2025-01-15,Cancelled,"Implement encryption for sensitive data stored in databases, protecting against unauthorized access.",USER-005,2024-12-31,2025-01-15
OPP-003,File Encryption,ACC-001,LEAD-004,Follow Up,90,11787,2025-06-03,2025-01-20,Cancelled,Encrypt individual files and folders to protect sensitive data from unauthorized access and disclosure.,USER-005,2025-01-05,2025-01-20
OPP-004,Full Disk Encryption,ACC-003,LEAD-004,Connected,60,11383,2025-04-17,2025-02-02,Cancelled,Encrypt entire hard drives or storage devices to protect all data stored on them.,USER-005,2025-01-12,2025-02-02
OPP-005,Email Encryption,ACC-003,LEAD-004,Connected,90,17878,2025-10-08,,In Progress,Encrypt email communications to protect sensitive information from interception and unauthorized access.,USER-005,2025-01-19,2025-02-04
OPP-006,Cloud Storage Encryption,ACC-001,LEAD-004,Follow Up,60,38904,2025-05-25,2025-01-31,Cancelled,"Encrypt data stored in cloud storage services, ensuring data privacy and security.",USER-005,2025-01-22,2025-01-31
OPP-007,Mobile Device Encryption,ACC-002,LEAD-004,Follow Up,60,26905,2025-12-15,2025-02-09,Cancelled,Encrypt data stored on mobile devices to protect against loss or theft.,USER-005,2025-01-30,2025-02-09
OPP-008,Application Data Encryption,ACC-001,LEAD-004,Follow Up,30,46818,2025-05-13,2025-03-02,Won,Implement encryption within applications to protect sensitive data processed and stored by the application.,USER-005,2025-02-06,2025-03-02
OPP-009,Network Traffic Encryption (TLS/SSL),ACC-004,LEAD-004,Connected,90,27712,2025-04-06,2025-02-07,Won,Encrypt network traffic using TLS/SSL protocols to protect data transmitted over networks.,USER-005,2025-02-06,2025-02-07
OPP-010,Key Management System (KMS) Implementation,ACC-002,LEAD-004,Discovery,30,40345,2025-06-26,2025-02-20,Won,Implement a key management system to securely manage encryption keys throughout their lifecycle.,USER-005,2025-02-08,2025-02-20
OPP-011,Phishing Simulation,ACC-004,LEAD-008,Follow Up,90,43747,2025-08-16,,In Progress,Conduct simulated phishing campaigns to educate employees on recognizing and avoiding phishing attacks.,USER-012,2025-02-26,2025-03-21
OPP-012,Ransomware Prevention,ACC-004,LEAD-008,Connected,90,20256,2025-07-06,2025-03-26,Cancelled,"Train employees on how to prevent ransomware attacks, including recognizing malicious emails and downloads.",USER-012,2025-03-07,2025-03-26
OPP-013,Password Security,ACC-004,LEAD-008,Follow Up,90,56772,2025-08-05,2025-04-14,Won,"Educate employees on creating strong passwords, using password managers, and avoiding password reuse.",USER-012,2025-03-15,2025-04-14
OPP-014,Data Privacy and GDPR,ACC-004,LEAD-008,Discovery,30,9931,2025-07-15,,In Progress,"Provide training on data privacy regulations, including GDPR, and best practices for protecting sensitive data.",USER-012,2025-03-18,2025-04-06
OPP-015,Social Engineering Awareness,ACC-001,LEAD-008,Discovery,90,27428,2026-02-09,2025-04-16,Won,"Train employees on recognizing and avoiding social engineering tactics, such as pretexting and baiting.",USER-012,2025-03-22,2025-04-16
OPP-016,Mobile Device Security,ACC-003,LEAD-008,Connected,30,45057,2025-06-16,2025-04-05,Won,"Educate employees on securing mobile devices, including using strong passcodes and avoiding unsecured Wi-Fi.",USER-012,2025-03-25,2025-04-05
OPP-017,Remote Work Security,ACC-004,LEAD-008,Discovery,30,28232,2025-05-30,,In Progress,"Provide training on security best practices for remote work, including using VPNs and securing home networks.",USER-012,2025-03-31,2025-04-04
OPP-018,Insider Threat Awareness,ACC-003,LEAD-008,Follow Up,60,31088,2026-01-29,2025-04-24,Won,"Train employees on recognizing and reporting insider threats, such as data exfiltration and sabotage.",USER-012,2025-04-05,2025-04-24
OPP-019,Incident Reporting,ACC-001,LEAD-008,Connected,30,10902,2025-06-05,,In Progress,Educate employees on how to report security incidents and breaches promptly and effectively.,USER-012,2025-04-08,2025-05-06
OPP-020,Safe Web Browsing,ACC-003,LEAD-008,Discovery,60,12162,2026-04-08,2025-04-15,Won,"Provide training on safe web browsing practices, including avoiding suspicious websites and downloads.",USER-012,2025-04-11,2025-04-15
OPP-021,ERP Implementation - TechCorp,ACC-004,LEAD-009,Follow Up,60,49380,2025-06-12,2025-01-20,Cancelled,"Comprehensive ERP system implementation for TechCorp, including requirements gathering, configuration, data migration, testing, and user training.",USER-006,2024-12-25,2025-01-20
OPP-022,Cloud-Based ERP Upgrade,ACC-001,LEAD-009,Connected,60,47059,2025-09-04,2025-01-23,Cancelled,"Upgrade existing on-premise ERP to a cloud-based solution, improving scalability and accessibility.",USER-006,2025-01-02,2025-01-23
OPP-023,ERP Customization & Integration,ACC-004,LEAD-009,Follow Up,60,45120,2025-05-25,,In Progress,Customize and integrate the ERP system with existing business applications and third-party tools.,USER-006,2025-01-07,2025-01-18
OPP-024,ERP Data Migration Project,ACC-004,LEAD-009,Follow Up,60,28915,2025-05-16,,In Progress,"Plan and execute the migration of legacy data to the new ERP system, ensuring data integrity and accuracy.",USER-006,2025-01-11,2025-02-08
OPP-025,Firewall Implementation,ACC-002,LEAD-011,Follow Up,30,11268,2025-10-31,,In Progress,Implement and configure firewalls to control network traffic and protect against unauthorized access.,USER-009,2025-01-16,2025-01-17
OPP-026,Intrusion Detection/Prevention System (IDS/IPS),ACC-004,LEAD-011,Connected,90,21580,2025-05-07,2025-02-14,Won,Deploy IDS/IPS systems to detect and prevent network intrusions and malicious activity.,USER-009,2025-01-20,2025-02-14
OPP-027,Virtual Private Network (VPN) Deployment,ACC-003,LEAD-011,Discovery,90,17391,2025-12-04,2025-02-18,Cancelled,Deploy VPN solutions to provide secure remote access to network resources.,USER-009,2025-01-23,2025-02-18
OPP-028,Security Information and Event Management (SIEM),ACC-004,LEAD-011,Connected,30,42272,2026-01-13,2025-02-10,Won,"Implement SIEM solutions to collect, analyze, and correlate security logs and events.",USER-009,2025-01-24,2025-02-10
OPP-029,Network Access Control (NAC),ACC-001,LEAD-011,Connected,90,13239,2025-05-20,,In Progress,Implement NAC solutions to control access to network resources based on user and device identity.,USER-009,2025-01-30,2025-02-19
OPP-030,Wireless Network Security,ACC-004,LEAD-011,Connected,90,27158,2025-04-03,,In Progress,"Secure wireless networks using strong encryption, authentication, and access control measures.",USER-009,2025-02-06,2025-03-04
OPP-031,Network Segmentation,ACC-001,LEAD-011,Follow Up,90,48879,2025-05-29,2025-03-02,Cancelled,Segment networks to isolate critical systems and limit the impact of security breaches.,USER-009,2025-02-06,2025-03-02
OPP-032,Network Vulnerability Scanning,ACC-003,LEAD-011,Connected,90,24775,2025-09-27,2025-03-07,Won,Perform regular network vulnerability scans to identify and remediate security weaknesses.,USER-009,2025-02-07,2025-03-07
OPP-033,Network Penetration Testing,ACC-002,LEAD-011,Connected,90,44648,2026-01-18,2025-03-06,Cancelled,Conduct network penetration testing to simulate real-world attacks and identify exploitable vulnerabilities.,USER-009,2025-02-07,2025-03-06
OPP-034,Customer Behavior Analysis,ACC-001,LEAD-013,Connected,30,43253,2025-02-19,2025-01-10,Won,"Develop analytics solutions to understand customer behavior, segmentation, and purchasing patterns.",USER-008,2024-12-11,2025-01-10
OPP-035,Sales Performance Optimization,ACC-001,LEAD-013,Follow Up,60,15304,2025-07-10,2024-12-18,Won,"Implement analytics to optimize sales processes, identify top performers, and improve revenue generation.",USER-008,2024-12-12,2024-12-18
OPP-036,Marketing Campaign Effectiveness,ACC-002,LEAD-013,Discovery,60,40643,2025-07-13,2025-01-03,Cancelled,"Analyze marketing campaign data to measure effectiveness, ROI, and optimize future campaigns.",USER-008,2024-12-14,2025-01-03
OPP-037,Supply Chain Optimization,ACC-003,LEAD-013,Discovery,90,24585,2025-03-26,2024-12-18,Cancelled,"Apply analytics to optimize inventory management, logistics, and supply chain efficiency.",USER-008,2024-12-16,2024-12-18
OPP-038,Financial Forecasting,ACC-004,LEAD-013,Connected,30,34108,2025-07-20,2024-12-31,Cancelled,"Build predictive models for financial forecasting, budgeting, and financial risk assessment.",USER-008,2024-12-23,2024-12-31
OPP-039,Operational Efficiency Improvement,ACC-004,LEAD-013,Discovery,60,30864,2025-07-01,2025-01-15,Cancelled,"Develop analytics to identify bottlenecks, improve process efficiency, and reduce operational costs.",USER-008,2024-12-26,2025-01-15
OPP-040,Customer Behavior Analysis,ACC-003,LEAD-014,Discovery,90,49737,2025-08-22,2025-03-02,Cancelled,"Develop analytics solutions to understand customer behavior, segmentation, and purchasing patterns.",USER-016,2025-02-20,2025-03-02
OPP-041,Sales Performance Optimization,ACC-001,LEAD-014,Follow Up,30,57097,2025-05-29,,In Progress,"Implement analytics to optimize sales processes, identify top performers, and improve revenue generation.",USER-016,2025-02-26,2025-03-16
OPP-042,Marketing Campaign Effectiveness,ACC-003,LEAD-014,Discovery,30,24878,2025-10-24,2025-03-18,Won,"Analyze marketing campaign data to measure effectiveness, ROI, and optimize future campaigns.",USER-016,2025-03-01,2025-03-18
OPP-043,Network Infrastructure,ACC-004,LEAD-015,Connected,30,14948,2025-07-21,2025-02-06,Cancelled,"Comprehensive audit of network devices, firewalls, and intrusion detection systems to identify security vulnerabilities.",USER-008,2025-01-23,2025-02-06
OPP-044,Infrastructure as a Service (IaaS),ACC-003,LEAD-016,Discovery,90,11290,2025-07-16,2025-02-16,Won,"Migrate on-premises infrastructure to IaaS cloud platforms, improving scalability and flexibility.",USER-009,2025-01-23,2025-02-16
OPP-045,Customer Behavior Analysis,ACC-004,LEAD-017,Follow Up,60,16997,2025-06-05,2025-01-05,Cancelled,"Develop analytics solutions to understand customer behavior, segmentation, and purchasing patterns.",USER-005,2024-12-15,2025-01-05
OPP-046,Customer Behavior Analysis,ACC-002,LEAD-018,Follow Up,60,36947,2025-05-05,2025-03-02,Cancelled,"Develop analytics solutions to understand customer behavior, segmentation, and purchasing patterns.",USER-015,2025-02-27,2025-03-02
OPP-047,Sales Performance Optimization,ACC-001,LEAD-018,Discovery,30,25015,2025-05-26,,In Progress,"Implement analytics to optimize sales processes, identify top performers, and improve revenue generation.",USER-015,2025-03-06,2025-03-28
OPP-048,Marketing Campaign Effectiveness,ACC-001,LEAD-018,Discovery,60,46908,2025-04-16,2025-03-30,Cancelled,"Analyze marketing campaign data to measure effectiveness, ROI, and optimize future campaigns.",USER-015,2025-03-12,2025-03-30
OPP-049,Supply Chain Optimization,ACC-002,LEAD-018,Connected,90,15448,2025-06-23,,In Progress,"Apply analytics to optimize inventory management, logistics, and supply chain efficiency.",USER-015,2025-03-19,2025-04-09
OPP-050,Financial Forecasting,ACC-003,LEAD-018,Connected,60,45326,2025-10-01,2025-04-16,Won,"Build predictive models for financial forecasting, budgeting, and financial risk assessment.",USER-015,2025-03-19,2025-04-16
OPP-051,Operational Efficiency Improvement,ACC-002,LEAD-018,Discovery,60,33594,2025-08-03,,In Progress,"Develop analytics to identify bottlenecks, improve process efficiency, and reduce operational costs.",USER-015,2025-03-20,2025-03-22
OPP-052,Risk Management Analytics,ACC-001,LEAD-018,Discovery,60,17277,2026-02-07,2025-04-17,Cancelled,"Implement analytics for risk assessment, fraud detection, and compliance monitoring.",USER-015,2025-03-21,2025-04-17
OPP-053,Predictive Maintenance,ACC-003,LEAD-018,Discovery,60,22359,2025-08-07,2025-03-30,Won,Utilize predictive analytics to forecast equipment failures and optimize maintenance schedules.,USER-015,2025-03-29,2025-03-30
OPP-054,Customer Behavior Analysis,ACC-001,LEAD-019,Connected,90,10052,2025-04-09,,In Progress,"Develop analytics solutions to understand customer behavior, segmentation, and purchasing patterns.",USER-001,2024-12-19,2025-01-08
OPP-055,Sales Performance Optimization,ACC-003,LEAD-019,Discovery,60,46769,2025-08-29,,In Progress,"Implement analytics to optimize sales processes, identify top performers, and improve revenue generation.",USER-001,2024-12-28,2025-01-25
OPP-056,Marketing Campaign Effectiveness,ACC-004,LEAD-019,Follow Up,60,33368,2025-04-14,,In Progress,"Analyze marketing campaign data to measure effectiveness, ROI, and optimize future campaigns.",USER-001,2025-01-03,2025-01-16
OPP-057,Supply Chain Optimization,ACC-004,LEAD-019,Connected,30,54519,2025-05-24,2025-01-07,Cancelled,"Apply analytics to optimize inventory management, logistics, and supply chain efficiency.",USER-001,2025-01-04,2025-01-07
OPP-058,Financial Forecasting,ACC-001,LEAD-019,Connected,60,45738,2025-07-03,2025-01-15,Won,"Build predictive models for financial forecasting, budgeting, and financial risk assessment.",USER-001,2025-01-06,2025-01-15
OPP-059,Operational Efficiency Improvement,ACC-001,LEAD-019,Follow Up,60,25603,2025-04-08,,In Progress,"Develop analytics to identify bottlenecks, improve process efficiency, and reduce operational costs.",USER-001,2025-01-07,2025-01-08
OPP-060,Risk Management Analytics,ACC-001,LEAD-019,Discovery,60,58516,2025-04-07,2025-01-17,Won,"Implement analytics for risk assessment, fraud detection, and compliance monitoring.",USER-001,2025-01-11,2025-01-17
OPP-061,Customer Experience Enhancement,ACC-002,LEAD-020,Discovery,60,49646,2026-02-13,2025-02-27,Cancelled,Implement digital solutions to enhance customer experience across all touchpoints.,USER-008,2025-02-15,2025-02-27
OPP-062,Business Process Automation,ACC-002,LEAD-020,Follow Up,60,54207,2026-02-13,2025-03-17,Won,Automate manual business processes using digital technologies to improve efficiency and reduce costs.,USER-008,2025-02-23,2025-03-17
OPP-063,Cloud Adoption Strategy,ACC-002,LEAD-020,Discovery,30,23937,2025-06-28,2025-02-26,Won,Develop and execute a cloud adoption strategy to leverage cloud services for scalability and agility.,USER-008,2025-02-25,2025-02-26
OPP-064,Phishing Simulation,ACC-003,LEAD-022,Discovery,60,46581,2025-02-03,2025-01-25,Cancelled,Conduct simulated phishing campaigns to educate employees on recognizing and avoiding phishing attacks.,USER-017,2024-12-27,2025-01-25
OPP-065,Ransomware Prevention,ACC-001,LEAD-022,Connected,60,18945,2025-10-16,2025-01-09,Won,"Train employees on how to prevent ransomware attacks, including recognizing malicious emails and downloads.",USER-017,2024-12-31,2025-01-09
OPP-066,Password Security,ACC-002,LEAD-022,Follow Up,60,8023,2025-04-07,,In Progress,"Educate employees on creating strong passwords, using password managers, and avoiding password reuse.",USER-017,2025-01-03,2025-01-14
OPP-067,ERP Implementation - TechCorp,ACC-002,LEAD-023,Discovery,60,49341,2025-09-28,,In Progress,"Comprehensive ERP system implementation for TechCorp, including requirements gathering, configuration, data migration, testing, and user training.",USER-005,2025-02-08,2025-02-11
OPP-068,Cloud-Based ERP Upgrade,ACC-002,LEAD-023,Discovery,60,20685,2025-11-21,2025-02-27,Won,"Upgrade existing on-premise ERP to a cloud-based solution, improving scalability and accessibility.",USER-005,2025-02-09,2025-02-27
OPP-069,ERP Customization & Integration,ACC-002,LEAD-023,Follow Up,30,39965,2025-03-31,2025-03-03,Won,Customize and integrate the ERP system with existing business applications and third-party tools.,USER-005,2025-02-17,2025-03-03
OPP-070,ERP Data Migration Project,ACC-001,LEAD-023,Follow Up,60,21066,2025-08-24,2025-02-26,Cancelled,"Plan and execute the migration of legacy data to the new ERP system, ensuring data integrity and accuracy.",USER-005,2025-02-22,2025-02-26
OPP-071,Post-Implementation ERP Support,ACC-001,LEAD-023,Connected,60,23277,2025-05-22,2025-03-28,Won,"Provide ongoing support and maintenance for the implemented ERP system, addressing user issues and system enhancements.",USER-005,2025-03-02,2025-03-28
OPP-072,ERP Security Enhancement,ACC-004,LEAD-023,Discovery,90,30751,2025-05-05,2025-03-09,Won,"Implement security measures to protect sensitive data within the ERP system, including access control and encryption.",USER-005,2025-03-06,2025-03-09
OPP-073,ERP Training & Adoption Program,ACC-002,LEAD-023,Follow Up,90,53069,2025-09-10,,In Progress,Develop and deliver training programs to ensure user adoption and effective utilization of the ERP system.,USER-005,2025-03-12,2025-03-21
OPP-074,ERP Process Optimization,ACC-001,LEAD-023,Follow Up,30,50485,2025-12-09,2025-04-17,Won,Analyze existing business processes and optimize them for integration with the new ERP system.,USER-005,2025-03-18,2025-04-17
OPP-075,ERP Implementation - TechCorp,ACC-004,LEAD-024,Discovery,30,22084,2026-02-04,2025-03-13,Won,"Comprehensive ERP system implementation for TechCorp, including requirements gathering, configuration, data migration, testing, and user training.",USER-006,2025-02-22,2025-03-13
OPP-076,Cloud-Based ERP Upgrade,ACC-002,LEAD-024,Connected,60,45741,2025-07-11,2025-03-09,Cancelled,"Upgrade existing on-premise ERP to a cloud-based solution, improving scalability and accessibility.",USER-006,2025-03-01,2025-03-09
OPP-077,ERP Customization & Integration,ACC-003,LEAD-024,Connected,60,58708,2025-09-18,2025-03-31,Cancelled,Customize and integrate the ERP system with existing business applications and third-party tools.,USER-006,2025-03-07,2025-03-31
OPP-078,ERP Data Migration Project,ACC-001,LEAD-024,Follow Up,60,19664,2026-02-01,2025-03-26,Won,"Plan and execute the migration of legacy data to the new ERP system, ensuring data integrity and accuracy.",USER-006,2025-03-16,2025-03-26
OPP-079,Post-Implementation ERP Support,ACC-001,LEAD-024,Connected,60,41126,2025-12-20,2025-04-05,Cancelled,"Provide ongoing support and maintenance for the implemented ERP system, addressing user issues and system enhancements.",USER-006,2025-03-21,2025-04-05
OPP-080,ERP Security Enhancement,ACC-002,LEAD-024,Discovery,60,41844,2025-05-07,2025-03-22,Cancelled,"Implement security measures to protect sensitive data within the ERP system, including access control and encryption.",USER-006,2025-03-21,2025-03-22
OPP-081,Firewall Implementation,ACC-001,LEAD-025,Connected,90,46725,2025-06-18,,In Progress,Implement and configure firewalls to control network traffic and protect against unauthorized access.,USER-008,2025-01-21,2025-01-28
OPP-082,Intrusion Detection/Prevention System (IDS/IPS),ACC-001,LEAD-025,Connected,60,17817,2025-05-16,2025-02-13,Won,Deploy IDS/IPS systems to detect and prevent network intrusions and malicious activity.,USER-008,2025-01-29,2025-02-13
OPP-083,Virtual Private Network (VPN) Deployment,ACC-001,LEAD-025,Discovery,60,23178,2025-08-09,,In Progress,Deploy VPN solutions to provide secure remote access to network resources.,USER-008,2025-02-06,2025-02-07
OPP-084,Security Information and Event Management (SIEM),ACC-001,LEAD-025,Connected,30,46980,2025-05-18,2025-03-02,Cancelled,"Implement SIEM solutions to collect, analyze, and correlate security logs and events.",USER-008,2025-02-15,2025-03-02
OPP-085,Network Access Control (NAC),ACC-004,LEAD-025,Connected,30,51259,2025-05-31,,In Progress,Implement NAC solutions to control access to network resources based on user and device identity.,USER-008,2025-02-18,2025-02-19
OPP-086,Wireless Network Security,ACC-002,LEAD-025,Connected,90,37263,2025-06-20,2025-03-15,Won,"Secure wireless networks using strong encryption, authentication, and access control measures.",USER-008,2025-02-22,2025-03-15
OPP-087,Network Segmentation,ACC-003,LEAD-025,Discovery,30,46251,2025-04-27,2025-03-16,Cancelled,Segment networks to isolate critical systems and limit the impact of security breaches.,USER-008,2025-02-26,2025-03-16
OPP-088,Infrastructure as a Service (IaaS),ACC-001,LEAD-027,Follow Up,60,10357,2025-06-22,2025-01-14,Cancelled,"Migrate on-premises infrastructure to IaaS cloud platforms, improving scalability and flexibility.",USER-015,2025-01-11,2025-01-14
OPP-089,Platform as a Service (PaaS),ACC-003,LEAD-027,Follow Up,60,41163,2025-10-27,,In Progress,"Migrate application development and deployment to PaaS cloud platforms, accelerating development cycles.",USER-015,2025-01-11,2025-01-22
OPP-090,Software as a Service (SaaS),ACC-002,LEAD-027,Connected,30,36753,2025-08-02,2025-01-20,Cancelled,"Migrate business applications to SaaS cloud platforms, reducing maintenance and operational overhead.",USER-015,2025-01-12,2025-01-20
OPP-091,Hybrid Cloud Implementation,ACC-003,LEAD-027,Follow Up,60,12640,2025-04-23,2025-01-29,Won,"Implement a hybrid cloud environment, integrating on-premises and cloud resources for optimal performance.",USER-015,2025-01-17,2025-01-29
OPP-092,Database Encryption,ACC-002,LEAD-029,Follow Up,90,50814,2025-11-18,2025-01-31,Cancelled,"Implement encryption for sensitive data stored in databases, protecting against unauthorized access.",USER-010,2025-01-30,2025-01-31
OPP-093,File Encryption,ACC-002,LEAD-029,Connected,90,16937,2025-11-14,2025-03-02,Won,Encrypt individual files and folders to protect sensitive data from unauthorized access and disclosure.,USER-010,2025-02-02,2025-03-02
OPP-094,Full Disk Encryption,ACC-004,LEAD-029,Follow Up,90,44031,2025-03-17,2025-02-18,Won,Encrypt entire hard drives or storage devices to protect all data stored on them.,USER-010,2025-02-04,2025-02-18
OPP-095,Email Encryption,ACC-004,LEAD-029,Discovery,30,51282,2025-05-13,2025-02-23,Cancelled,Encrypt email communications to protect sensitive information from interception and unauthorized access.,USER-010,2025-02-04,2025-02-23
OPP-096,Cloud Storage Encryption,ACC-001,LEAD-029,Discovery,30,39236,2025-04-16,2025-02-22,Won,"Encrypt data stored in cloud storage services, ensuring data privacy and security.",USER-010,2025-02-05,2025-02-22
OPP-097,Customer Experience Enhancement,ACC-002,LEAD-030,Connected,90,15685,2025-09-03,2025-03-08,Won,Implement digital solutions to enhance customer experience across all touchpoints.,USER-005,2025-02-24,2025-03-08
OPP-098,Business Process Automation,ACC-004,LEAD-030,Follow Up,90,40208,2025-08-08,,In Progress,Automate manual business processes using digital technologies to improve efficiency and reduce costs.,USER-005,2025-03-04,2025-03-26
OPP-099,Cloud Adoption Strategy,ACC-003,LEAD-030,Connected,30,17355,2025-07-30,2025-04-04,Won,Develop and execute a cloud adoption strategy to leverage cloud services for scalability and agility.,USER-005,2025-03-10,2025-04-04
OPP-100,Data-Driven Decision Making,ACC-004,LEAD-030,Discovery,60,26901,2025-11-24,2025-03-25,Cancelled,Implement data analytics and business intelligence tools to enable data-driven decision making.,USER-005,2025-03-14,2025-03-25
OPP-101,Mobile First Strategy,ACC-001,LEAD-030,Follow Up,60,25435,2025-12-04,,In Progress,Develop a mobile-first strategy to optimize digital experiences for mobile users.,USER-005,2025-03-22,2025-04-05
OPP-102,Infrastructure as a Service (IaaS),ACC-003,LEAD-031,Follow Up,30,27047,2025-11-08,2025-03-02,Won,"Migrate on-premises infrastructure to IaaS cloud platforms, improving scalability and flexibility.",USER-011,2025-02-05,2025-03-02
OPP-103,Platform as a Service (PaaS),ACC-004,LEAD-031,Connected,60,26195,2025-09-25,,In Progress,"Migrate application development and deployment to PaaS cloud platforms, accelerating development cycles.",USER-011,2025-02-13,2025-03-01
OPP-104,Software as a Service (SaaS),ACC-003,LEAD-031,Discovery,30,22919,2026-01-25,2025-03-03,Won,"Migrate business applications to SaaS cloud platforms, reducing maintenance and operational overhead.",USER-011,2025-02-17,2025-03-03
OPP-105,Hybrid Cloud Implementation,ACC-002,LEAD-031,Follow Up,90,37451,2025-06-03,2025-03-19,Won,"Implement a hybrid cloud environment, integrating on-premises and cloud resources for optimal performance.",USER-011,2025-02-24,2025-03-19
OPP-106,Infrastructure as a Service (IaaS),ACC-004,LEAD-033,Discovery,60,12675,2025-04-16,2025-01-10,Cancelled,"Migrate on-premises infrastructure to IaaS cloud platforms, improving scalability and flexibility.",USER-014,2024-12-25,2025-01-10
OPP-107,Platform as a Service (PaaS),ACC-001,LEAD-033,Connected,60,36262,2025-06-17,,In Progress,"Migrate application development and deployment to PaaS cloud platforms, accelerating development cycles.",USER-014,2024-12-28,2025-01-20
OPP-108,Software as a Service (SaaS),ACC-003,LEAD-033,Discovery,30,47711,2025-03-16,,In Progress,"Migrate business applications to SaaS cloud platforms, reducing maintenance and operational overhead.",USER-014,2024-12-28,2025-01-19
OPP-109,Hybrid Cloud Implementation,ACC-003,LEAD-033,Follow Up,30,40861,2025-08-09,2025-02-04,Cancelled,"Implement a hybrid cloud environment, integrating on-premises and cloud resources for optimal performance.",USER-014,2025-01-05,2025-02-04
OPP-110,Data Migration & Integration,ACC-003,LEAD-033,Discovery,90,33539,2025-05-09,,In Progress,"Migrate and integrate data from on-premises systems to the cloud, ensuring data consistency and accessibility.",USER-014,2025-01-06,2025-01-09
OPP-111,Web Application,ACC-001,LEAD-034,Connected,60,36744,2025-04-02,2024-12-01,Cancelled,Simulate real-world attacks against web applications to identify vulnerabilities and weaknesses.,USER-010,2024-11-30,2024-12-01
OPP-112,ERP Implementation - TechCorp,ACC-004,LEAD-035,Discovery,60,10894,2025-04-12,,In Progress,"Comprehensive ERP system implementation for TechCorp, including requirements gathering, configuration, data migration, testing, and user training.",USER-015,2025-02-09,2025-03-11
OPP-113,Cloud-Based ERP Upgrade,ACC-002,LEAD-035,Discovery,60,47881,2025-08-04,2025-03-13,Won,"Upgrade existing on-premise ERP to a cloud-based solution, improving scalability and accessibility.",USER-015,2025-02-14,2025-03-13
OPP-114,ERP Customization & Integration,ACC-004,LEAD-035,Follow Up,30,59240,2026-01-19,2025-03-12,Cancelled,Customize and integrate the ERP system with existing business applications and third-party tools.,USER-015,2025-02-22,2025-03-12
OPP-115,ERP Data Migration Project,ACC-002,LEAD-035,Discovery,90,44353,2025-10-20,2025-02-26,Won,"Plan and execute the migration of legacy data to the new ERP system, ensuring data integrity and accuracy.",USER-015,2025-02-25,2025-02-26
OPP-116,Post-Implementation ERP Support,ACC-004,LEAD-035,Connected,60,46415,2025-07-01,2025-03-14,Won,"Provide ongoing support and maintenance for the implemented ERP system, addressing user issues and system enhancements.",USER-015,2025-03-03,2025-03-14
OPP-117,Database Encryption,ACC-001,LEAD-036,Follow Up,60,14807,2025-10-01,2025-01-15,Cancelled,"Implement encryption for sensitive data stored in databases, protecting against unauthorized access.",USER-003,2024-12-25,2025-01-15
OPP-118,File Encryption,ACC-003,LEAD-036,Follow Up,60,55633,2025-02-27,2025-01-15,Won,Encrypt individual files and folders to protect sensitive data from unauthorized access and disclosure.,USER-003,2024-12-29,2025-01-15
OPP-119,Full Disk Encryption,ACC-001,LEAD-036,Follow Up,60,17070,2025-03-27,,In Progress,Encrypt entire hard drives or storage devices to protect all data stored on them.,USER-003,2024-12-30,2025-01-12
OPP-120,Email Encryption,ACC-001,LEAD-036,Connected,60,20541,2025-02-09,,In Progress,Encrypt email communications to protect sensitive information from interception and unauthorized access.,USER-003,2025-01-06,2025-01-27
OPP-121,Web Application,ACC-001,LEAD-039,Discovery,30,51621,2025-08-24,2024-12-25,Won,Simulate real-world attacks against web applications to identify vulnerabilities and weaknesses.,USER-008,2024-12-07,2024-12-25
OPP-122,Mobile Application,ACC-002,LEAD-039,Follow Up,60,48370,2025-03-22,2025-01-02,Won,Assess the security of mobile applications by simulating attacks on both the client and server sides.,USER-008,2024-12-08,2025-01-02
OPP-123,Customer Behavior Analysis,ACC-004,LEAD-040,Follow Up,30,42290,2025-10-14,2024-12-30,Won,"Develop analytics solutions to understand customer behavior, segmentation, and purchasing patterns.",USER-009,2024-12-14,2024-12-30
OPP-124,Sales Performance Optimization,ACC-001,LEAD-040,Follow Up,90,22113,2025-04-14,,In Progress,"Implement analytics to optimize sales processes, identify top performers, and improve revenue generation.",USER-009,2024-12-19,2025-01-13
OPP-125,Marketing Campaign Effectiveness,ACC-002,LEAD-040,Discovery,30,8508,2025-09-05,2025-01-06,Won,"Analyze marketing campaign data to measure effectiveness, ROI, and optimize future campaigns.",USER-009,2024-12-27,2025-01-06
OPP-126,Supply Chain Optimization,ACC-002,LEAD-040,Follow Up,60,46251,2025-04-14,2025-01-27,Won,"Apply analytics to optimize inventory management, logistics, and supply chain efficiency.",USER-009,2024-12-28,2025-01-27
OPP-127,Financial Forecasting,ACC-001,LEAD-040,Connected,90,58315,2025-10-28,,In Progress,"Build predictive models for financial forecasting, budgeting, and financial risk assessment.",USER-009,2025-01-01,2025-01-28
OPP-128,Web Application,ACC-004,LEAD-041,Connected,90,56079,2025-09-06,2025-03-17,Won,Simulate real-world attacks against web applications to identify vulnerabilities and weaknesses.,USER-013,2025-02-20,2025-03-17
OPP-129,Mobile Application,ACC-004,LEAD-041,Connected,90,22118,2025-12-06,2025-02-23,Won,Assess the security of mobile applications by simulating attacks on both the client and server sides.,USER-013,2025-02-22,2025-02-23
OPP-130,Network Infrastructure,ACC-003,LEAD-041,Connected,30,51408,2026-02-05,2025-04-01,Won,"Evaluate the security of network devices, firewalls, and intrusion detection systems through simulated attacks.",USER-013,2025-03-03,2025-04-01
OPP-131,Cloud Environment,ACC-004,LEAD-041,Follow Up,30,28925,2025-09-18,2025-03-26,Won,"Conduct penetration testing of cloud environments (AWS, Azure, GCP) to identify misconfigurations and vulnerabilities.",USER-013,2025-03-10,2025-03-26
OPP-132,Wireless Network,ACC-001,LEAD-041,Connected,60,29210,2026-02-25,,In Progress,"Assess the security of wireless networks, including access points and authentication mechanisms.",USER-013,2025-03-13,2025-03-28
OPP-133,API Security,ACC-001,LEAD-041,Discovery,60,32124,2025-06-06,,In Progress,"Evaluate the security of APIs by simulating attacks on authentication, authorization, and data validation.",USER-013,2025-03-14,2025-03-30
OPP-134,Internal Network,ACC-004,LEAD-041,Discovery,30,54207,2025-05-19,2025-03-18,Cancelled,Simulate attacks against internal network systems to identify vulnerabilities and assess the impact of internal threats.,USER-013,2025-03-14,2025-03-18
OPP-135,Firewall Implementation,ACC-001,LEAD-042,Follow Up,90,50242,2025-12-07,2025-02-21,Cancelled,Implement and configure firewalls to control network traffic and protect against unauthorized access.,USER-004,2025-01-23,2025-02-21
OPP-136,Intrusion Detection/Prevention System (IDS/IPS),ACC-002,LEAD-042,Connected,90,31159,2025-08-20,2025-02-20,Won,Deploy IDS/IPS systems to detect and prevent network intrusions and malicious activity.,USER-004,2025-01-29,2025-02-20
OPP-137,Network Infrastructure,ACC-004,LEAD-043,Follow Up,60,28484,2025-08-04,,In Progress,"Comprehensive audit of network devices, firewalls, and intrusion detection systems to identify security vulnerabilities.",USER-004,2025-01-09,2025-01-20
OPP-138,Web Application,ACC-002,LEAD-043,Discovery,30,30187,2025-12-01,2025-01-19,Won,"Detailed assessment of web application security, including OWASP top 10 vulnerabilities.",USER-004,2025-01-13,2025-01-19
OPP-139,Cloud Environment,ACC-003,LEAD-043,Connected,60,45809,2025-11-05,2025-01-19,Won,"Evaluation of security controls within cloud environments (AWS, Azure, GCP) to ensure data protection.",USER-004,2025-01-14,2025-01-19
OPP-140,Data Security and Privacy,ACC-001,LEAD-043,Connected,60,40854,2025-10-29,2025-01-31,Won,"Audit of data storage, transmission, and access controls to ensure data security and privacy compliance.",USER-004,2025-01-18,2025-01-31
OPP-141,Compliance (PCI DSS),ACC-001,LEAD-043,Follow Up,60,43273,2025-03-29,2025-02-09,Cancelled,Audit to ensure compliance with Payment Card Industry Data Security Standard (PCI DSS).,USER-004,2025-01-18,2025-02-09
OPP-142,Compliance (HIPAA),ACC-003,LEAD-043,Discovery,30,30329,2025-12-05,,In Progress,Audit to ensure compliance with Health Insurance Portability and Accountability Act (HIPAA).,USER-004,2025-01-26,2025-02-24
OPP-143,Compliance (GDPR),ACC-003,LEAD-043,Connected,30,41974,2025-05-21,2025-02-01,Cancelled,Audit to ensure compliance with General Data Protection Regulation (GDPR).,USER-004,2025-01-29,2025-02-01
OPP-144,Internal Systems,ACC-003,LEAD-043,Follow Up,60,42549,2025-12-01,2025-02-18,Cancelled,Assessment of internal systems and applications to identify security weaknesses.,USER-004,2025-01-29,2025-02-18
OPP-145,Wireless Network,ACC-004,LEAD-043,Follow Up,90,37177,2025-12-28,2025-02-21,Won,"Audit of wireless network security, including access control and encryption.",USER-004,2025-02-05,2025-02-21
OPP-146,Mobile Application,ACC-003,LEAD-043,Connected,90,23300,2025-12-12,,In Progress,Security evaluation of mobile applications to identify vulnerabilities and data leakage risks.,USER-004,2025-02-07,2025-02-15
OPP-147,ERP Implementation - TechCorp,ACC-002,LEAD-044,Discovery,30,23252,2025-03-18,2025-01-19,Cancelled,"Comprehensive ERP system implementation for TechCorp, including requirements gathering, configuration, data migration, testing, and user training.",USER-007,2025-01-18,2025-01-19
OPP-148,Cloud-Based ERP Upgrade,ACC-003,LEAD-044,Follow Up,90,22877,2025-09-22,,In Progress,"Upgrade existing on-premise ERP to a cloud-based solution, improving scalability and accessibility.",USER-007,2025-01-20,2025-01-20
OPP-149,ERP Customization & Integration,ACC-002,LEAD-044,Follow Up,60,11982,2025-03-26,,In Progress,Customize and integrate the ERP system with existing business applications and third-party tools.,USER-007,2025-01-24,2025-02-05
OPP-150,ERP Data Migration Project,ACC-003,LEAD-044,Connected,90,55412,2026-01-22,2025-02-02,Won,"Plan and execute the migration of legacy data to the new ERP system, ensuring data integrity and accuracy.",USER-007,2025-01-27,2025-02-02
OPP-151,Post-Implementation ERP Support,ACC-001,LEAD-044,Discovery,90,22376,2025-09-06,2025-02-18,Won,"Provide ongoing support and maintenance for the implemented ERP system, addressing user issues and system enhancements.",USER-007,2025-01-29,2025-02-18
OPP-152,ERP Security Enhancement,ACC-004,LEAD-044,Discovery,90,9630,2025-08-09,2025-02-25,Won,"Implement security measures to protect sensitive data within the ERP system, including access control and encryption.",USER-007,2025-02-03,2025-02-25
OPP-153,ERP Training & Adoption Program,ACC-004,LEAD-044,Discovery,60,20260,2025-04-22,,In Progress,Develop and deliver training programs to ensure user adoption and effective utilization of the ERP system.,USER-007,2025-02-07,2025-02-18
OPP-154,Web Application,ACC-003,LEAD-046,Connected,90,16034,2025-09-01,,In Progress,Simulate real-world attacks against web applications to identify vulnerabilities and weaknesses.,USER-007,2024-12-19,2025-01-10
OPP-155,Mobile Application,ACC-001,LEAD-046,Discovery,60,53605,2025-02-05,2024-12-24,Cancelled,Assess the security of mobile applications by simulating attacks on both the client and server sides.,USER-007,2024-12-19,2024-12-24
OPP-156,Network Infrastructure,ACC-003,LEAD-046,Connected,30,34588,2025-12-23,2025-01-08,Won,"Evaluate the security of network devices, firewalls, and intrusion detection systems through simulated attacks.",USER-007,2024-12-24,2025-01-08
OPP-157,Cloud Environment,ACC-003,LEAD-046,Connected,90,15765,2025-12-05,2025-01-10,Won,"Conduct penetration testing of cloud environments (AWS, Azure, GCP) to identify misconfigurations and vulnerabilities.",USER-007,2024-12-26,2025-01-10
OPP-158,Wireless Network,ACC-002,LEAD-046,Follow Up,90,33511,2025-08-24,2025-01-28,Won,"Assess the security of wireless networks, including access points and authentication mechanisms.",USER-007,2025-01-02,2025-01-28
OPP-159,ERP Implementation - TechCorp,ACC-003,LEAD-049,Connected,90,55659,2025-12-29,,In Progress,"Comprehensive ERP system implementation for TechCorp, including requirements gathering, configuration, data migration, testing, and user training.",USER-011,2025-01-06,2025-01-19
OPP-160,Cloud-Based ERP Upgrade,ACC-003,LEAD-049,Connected,30,50501,2025-05-04,,In Progress,"Upgrade existing on-premise ERP to a cloud-based solution, improving scalability and accessibility.",USER-011,2025-01-07,2025-02-04
OPP-161,ERP Customization & Integration,ACC-001,LEAD-049,Follow Up,30,59981,2025-05-30,2025-01-17,Cancelled,Customize and integrate the ERP system with existing business applications and third-party tools.,USER-011,2025-01-07,2025-01-17
OPP-162,ERP Data Migration Project,ACC-001,LEAD-049,Connected,60,37583,2025-12-02,2025-01-17,Cancelled,"Plan and execute the migration of legacy data to the new ERP system, ensuring data integrity and accuracy.",USER-011,2025-01-09,2025-01-17
OPP-163,Post-Implementation ERP Support,ACC-002,LEAD-049,Connected,30,33785,2025-07-12,2025-01-26,Won,"Provide ongoing support and maintenance for the implemented ERP system, addressing user issues and system enhancements.",USER-011,2025-01-10,2025-01-26
OPP-164,ERP Security Enhancement,ACC-003,LEAD-049,Discovery,90,56630,2025-09-12,,In Progress,"Implement security measures to protect sensitive data within the ERP system, including access control and encryption.",USER-011,2025-01-16,2025-02-06
OPP-165,ERP Training & Adoption Program,ACC-004,LEAD-049,Discovery,90,57671,2025-03-07,2025-02-06,Won,Develop and deliver training programs to ensure user adoption and effective utilization of the ERP system.,USER-011,2025-01-22,2025-02-06
OPP-166,Database Encryption,ACC-001,LEAD-050,Connected,30,25982,2025-07-13,,In Progress,"Implement encryption for sensitive data stored in databases, protecting against unauthorized access.",USER-006,2024-12-07,2025-01-06
OPP-167,File Encryption,ACC-001,LEAD-050,Discovery,30,23678,2025-02-19,2025-01-08,Won,Encrypt individual files and folders to protect sensitive data from unauthorized access and disclosure.,USER-006,2024-12-15,2025-01-08
OPP-168,Full Disk Encryption,ACC-001,LEAD-050,Discovery,30,39117,2025-10-24,2025-01-09,Won,Encrypt entire hard drives or storage devices to protect all data stored on them.,USER-006,2024-12-16,2025-01-09
OPP-169,Email Encryption,ACC-003,LEAD-050,Connected,90,17261,2025-07-31,,In Progress,Encrypt email communications to protect sensitive information from interception and unauthorized access.,USER-006,2024-12-22,2024-12-26
OPP-170,Cloud Storage Encryption,ACC-001,LEAD-050,Follow Up,60,52513,2025-06-18,,In Progress,"Encrypt data stored in cloud storage services, ensuring data privacy and security.",USER-006,2024-12-22,2025-01-13
OPP-171,Mobile Device Encryption,ACC-001,LEAD-050,Follow Up,90,54764,2025-09-15,2025-01-07,Won,Encrypt data stored on mobile devices to protect against loss or theft.,USER-006,2024-12-24,2025-01-07
OPP-172,Application Data Encryption,ACC-004,LEAD-050,Connected,60,40441,2025-03-04,2025-01-09,Won,Implement encryption within applications to protect sensitive data processed and stored by the application.,USER-006,2024-12-25,2025-01-09
OPP-173,Database Encryption,ACC-001,LEAD-052,Follow Up,90,39959,2025-12-13,2025-01-31,Won,"Implement encryption for sensitive data stored in databases, protecting against unauthorized access.",USER-018,2025-01-09,2025-01-31
OPP-174,File Encryption,ACC-002,LEAD-052,Follow Up,30,47418,2025-07-01,,In Progress,Encrypt individual files and folders to protect sensitive data from unauthorized access and disclosure.,USER-018,2025-01-11,2025-01-18
OPP-175,Full Disk Encryption,ACC-001,LEAD-052,Discovery,60,12185,2025-04-02,2025-02-06,Won,Encrypt entire hard drives or storage devices to protect all data stored on them.,USER-018,2025-01-15,2025-02-06
OPP-176,Email Encryption,ACC-001,LEAD-052,Discovery,90,56822,2025-07-12,2025-01-25,Cancelled,Encrypt email communications to protect sensitive information from interception and unauthorized access.,USER-018,2025-01-17,2025-01-25
OPP-177,Cloud Storage Encryption,ACC-002,LEAD-052,Follow Up,90,34133,2025-05-16,2025-02-07,Won,"Encrypt data stored in cloud storage services, ensuring data privacy and security.",USER-018,2025-01-25,2025-02-07
OPP-178,Mobile Device Encryption,ACC-003,LEAD-052,Discovery,30,34276,2025-04-22,2025-02-02,Cancelled,Encrypt data stored on mobile devices to protect against loss or theft.,USER-018,2025-02-02,2025-02-02
OPP-179,Application Data Encryption,ACC-004,LEAD-052,Connected,30,39615,2025-06-26,,In Progress,Implement encryption within applications to protect sensitive data processed and stored by the application.,USER-018,2025-02-02,2025-02-09
OPP-180,Firewall Implementation,ACC-001,LEAD-054,Discovery,60,20725,2025-09-07,2024-12-26,Won,Implement and configure firewalls to control network traffic and protect against unauthorized access.,USER-016,2024-12-26,2024-12-26
OPP-181,Intrusion Detection/Prevention System (IDS/IPS),ACC-004,LEAD-054,Follow Up,60,38235,2025-09-17,2025-01-31,Won,Deploy IDS/IPS systems to detect and prevent network intrusions and malicious activity.,USER-016,2025-01-03,2025-01-31
OPP-182,Virtual Private Network (VPN) Deployment,ACC-001,LEAD-054,Connected,60,50101,2025-12-29,2025-01-19,Cancelled,Deploy VPN solutions to provide secure remote access to network resources.,USER-016,2025-01-10,2025-01-19
OPP-183,Security Information and Event Management (SIEM),ACC-004,LEAD-054,Discovery,60,53429,2025-07-20,2025-01-31,Won,"Implement SIEM solutions to collect, analyze, and correlate security logs and events.",USER-016,2025-01-18,2025-01-31
OPP-184,Network Access Control (NAC),ACC-003,LEAD-054,Connected,60,48332,2025-12-10,2025-01-23,Won,Implement NAC solutions to control access to network resources based on user and device identity.,USER-016,2025-01-21,2025-01-23
OPP-185,Wireless Network Security,ACC-002,LEAD-054,Discovery,60,54447,2025-06-11,,In Progress,"Secure wireless networks using strong encryption, authentication, and access control measures.",USER-016,2025-01-30,2025-02-18
OPP-186,Network Segmentation,ACC-002,LEAD-054,Follow Up,30,45109,2025-09-06,,In Progress,Segment networks to isolate critical systems and limit the impact of security breaches.,USER-016,2025-02-03,2025-02-10
OPP-187,Network Vulnerability Scanning,ACC-002,LEAD-054,Connected,60,41565,2025-12-30,,In Progress,Perform regular network vulnerability scans to identify and remediate security weaknesses.,USER-016,2025-02-03,2025-03-01
OPP-188,Network Penetration Testing,ACC-004,LEAD-054,Follow Up,60,27772,2025-05-02,,In Progress,Conduct network penetration testing to simulate real-world attacks and identify exploitable vulnerabilities.,USER-016,2025-02-05,2025-02-18
OPP-189,Distributed Denial of Service (DDoS) Protection,ACC-004,LEAD-054,Discovery,30,50802,2025-12-14,2025-03-03,Won,Implement DDoS protection solutions to mitigate and prevent DDoS attacks.,USER-016,2025-02-05,2025-03-03
OPP-190,Customer Experience Enhancement,ACC-002,LEAD-055,Follow Up,30,9119,2025-11-29,2025-01-23,Won,Implement digital solutions to enhance customer experience across all touchpoints.,USER-001,2025-01-15,2025-01-23
OPP-191,Business Process Automation,ACC-001,LEAD-055,Follow Up,60,32986,2025-03-24,2025-02-05,Won,Automate manual business processes using digital technologies to improve efficiency and reduce costs.,USER-001,2025-01-17,2025-02-05
OPP-192,Cloud Adoption Strategy,ACC-002,LEAD-055,Connected,90,23765,2025-03-14,,In Progress,Develop and execute a cloud adoption strategy to leverage cloud services for scalability and agility.,USER-001,2025-01-19,2025-02-09
OPP-193,Data-Driven Decision Making,ACC-004,LEAD-055,Connected,90,48798,2025-04-09,2025-02-26,Cancelled,Implement data analytics and business intelligence tools to enable data-driven decision making.,USER-001,2025-01-27,2025-02-26
OPP-194,Mobile First Strategy,ACC-002,LEAD-055,Discovery,30,26367,2025-10-23,2025-02-18,Cancelled,Develop a mobile-first strategy to optimize digital experiences for mobile users.,USER-001,2025-01-28,2025-02-18
OPP-195,E-commerce Platform Development,ACC-003,LEAD-055,Follow Up,90,22972,2026-01-28,2025-02-13,Cancelled,Develop and deploy an e-commerce platform to expand online sales and reach new customers.,USER-001,2025-01-28,2025-02-13
OPP-196,AI and Machine Learning Integration,ACC-003,LEAD-055,Follow Up,60,27816,2025-12-25,2025-02-15,Won,Integrate AI and machine learning capabilities into business processes to automate tasks and gain insights.,USER-001,2025-01-28,2025-02-15
OPP-197,IoT Implementation,ACC-004,LEAD-055,Connected,90,27422,2025-06-26,,In Progress,Implement IoT solutions to connect devices and collect data for improved operational efficiency.,USER-001,2025-02-05,2025-02-06
OPP-198,Database Encryption,ACC-002,LEAD-056,Follow Up,30,46228,2025-01-12,2024-12-06,Won,"Implement encryption for sensitive data stored in databases, protecting against unauthorized access.",USER-001,2024-12-06,2024-12-06
OPP-199,File Encryption,ACC-001,LEAD-056,Follow Up,90,46582,2025-05-07,2024-12-14,Cancelled,Encrypt individual files and folders to protect sensitive data from unauthorized access and disclosure.,USER-001,2024-12-14,2024-12-14
OPP-200,Phishing Simulation,ACC-002,LEAD-057,Connected,90,53148,2025-09-28,2025-03-02,Cancelled,Conduct simulated phishing campaigns to educate employees on recognizing and avoiding phishing attacks.,USER-007,2025-01-31,2025-03-02
OPP-201,Ransomware Prevention,ACC-001,LEAD-057,Connected,30,16973,2025-03-23,2025-02-13,Won,"Train employees on how to prevent ransomware attacks, including recognizing malicious emails and downloads.",USER-007,2025-02-03,2025-02-13
OPP-202,Password Security,ACC-002,LEAD-057,Connected,90,52246,2025-12-22,2025-03-05,Cancelled,"Educate employees on creating strong passwords, using password managers, and avoiding password reuse.",USER-007,2025-02-12,2025-03-05
OPP-203,Data Privacy and GDPR,ACC-004,LEAD-057,Connected,30,10290,2026-01-14,2025-03-21,Won,"Provide training on data privacy regulations, including GDPR, and best practices for protecting sensitive data.",USER-007,2025-02-21,2025-03-21
OPP-204,Social Engineering Awareness,ACC-004,LEAD-057,Connected,30,59221,2025-03-27,2025-03-07,Cancelled,"Train employees on recognizing and avoiding social engineering tactics, such as pretexting and baiting.",USER-007,2025-02-24,2025-03-07
OPP-205,Mobile Device Security,ACC-001,LEAD-057,Connected,30,11425,2025-09-26,2025-03-07,Won,"Educate employees on securing mobile devices, including using strong passcodes and avoiding unsecured Wi-Fi.",USER-007,2025-02-27,2025-03-07
OPP-206,Remote Work Security,ACC-003,LEAD-057,Follow Up,90,44524,2025-07-02,2025-03-01,Won,"Provide training on security best practices for remote work, including using VPNs and securing home networks.",USER-007,2025-02-28,2025-03-01
OPP-207,Insider Threat Awareness,ACC-001,LEAD-057,Follow Up,60,27557,2026-02-13,,In Progress,"Train employees on recognizing and reporting insider threats, such as data exfiltration and sabotage.",USER-007,2025-03-07,2025-03-13
OPP-208,Incident Reporting,ACC-003,LEAD-057,Follow Up,60,59781,2025-07-04,2025-03-21,Cancelled,Educate employees on how to report security incidents and breaches promptly and effectively.,USER-007,2025-03-16,2025-03-21
OPP-209,ERP Implementation - TechCorp,ACC-002,LEAD-058,Discovery,30,24920,2025-11-22,2025-02-17,Won,"Comprehensive ERP system implementation for TechCorp, including requirements gathering, configuration, data migration, testing, and user training.",USER-018,2025-01-31,2025-02-17
OPP-210,Cloud-Based ERP Upgrade,ACC-001,LEAD-058,Follow Up,60,44752,2025-07-14,2025-03-05,Won,"Upgrade existing on-premise ERP to a cloud-based solution, improving scalability and accessibility.",USER-018,2025-02-03,2025-03-05
OPP-211,ERP Customization & Integration,ACC-004,LEAD-058,Follow Up,60,23677,2025-08-06,2025-02-21,Cancelled,Customize and integrate the ERP system with existing business applications and third-party tools.,USER-018,2025-02-04,2025-02-21
OPP-212,ERP Data Migration Project,ACC-003,LEAD-058,Connected,90,45968,2025-08-29,2025-03-13,Cancelled,"Plan and execute the migration of legacy data to the new ERP system, ensuring data integrity and accuracy.",USER-018,2025-02-12,2025-03-13
OPP-213,Post-Implementation ERP Support,ACC-001,LEAD-058,Discovery,30,15269,2025-05-12,,In Progress,"Provide ongoing support and maintenance for the implemented ERP system, addressing user issues and system enhancements.",USER-018,2025-02-15,2025-02-22
OPP-214,ERP Security Enhancement,ACC-004,LEAD-058,Connected,30,43659,2025-07-14,2025-03-06,Won,"Implement security measures to protect sensitive data within the ERP system, including access control and encryption.",USER-018,2025-02-19,2025-03-06
OPP-215,ERP Training & Adoption Program,ACC-001,LEAD-058,Connected,60,17776,2025-07-28,2025-03-25,Cancelled,Develop and deliver training programs to ensure user adoption and effective utilization of the ERP system.,USER-018,2025-02-25,2025-03-25
OPP-216,ERP Process Optimization,ACC-003,LEAD-058,Connected,30,46170,2025-05-08,2025-03-26,Cancelled,Analyze existing business processes and optimize them for integration with the new ERP system.,USER-018,2025-02-28,2025-03-26
OPP-217,Global ERP Rollout,ACC-001,LEAD-058,Connected,60,50889,2025-11-13,2025-03-08,Cancelled,"Deploy the ERP system across multiple international locations, addressing regional requirements and regulations.",USER-018,2025-03-03,2025-03-08
OPP-218,ERP Reporting & Analytics Implementation,ACC-002,LEAD-058,Connected,30,44608,2025-10-24,,In Progress,Configure and implement reporting and analytics capabilities within the ERP system to provide actionable insights.,USER-018,2025-03-09,2025-03-26
OPP-219,Customer Behavior Analysis,ACC-002,LEAD-059,Connected,90,30545,2025-12-05,,In Progress,"Develop analytics solutions to understand customer behavior, segmentation, and purchasing patterns.",USER-016,2025-01-18,2025-01-18
OPP-220,Sales Performance Optimization,ACC-001,LEAD-059,Follow Up,60,9317,2025-02-26,2025-02-22,Cancelled,"Implement analytics to optimize sales processes, identify top performers, and improve revenue generation.",USER-016,2025-01-25,2025-02-22
OPP-221,Marketing Campaign Effectiveness,ACC-001,LEAD-059,Connected,30,16646,2025-07-11,2025-02-05,Won,"Analyze marketing campaign data to measure effectiveness, ROI, and optimize future campaigns.",USER-016,2025-01-31,2025-02-05
OPP-222,Supply Chain Optimization,ACC-001,LEAD-059,Follow Up,60,23078,2025-04-15,2025-02-11,Cancelled,"Apply analytics to optimize inventory management, logistics, and supply chain efficiency.",USER-016,2025-01-31,2025-02-11
OPP-223,Financial Forecasting,ACC-001,LEAD-059,Follow Up,30,9163,2025-08-23,2025-02-26,Won,"Build predictive models for financial forecasting, budgeting, and financial risk assessment.",USER-016,2025-01-31,2025-02-26
OPP-224,Infrastructure as a Service (IaaS),ACC-002,LEAD-063,Discovery,30,25799,2025-03-19,2025-02-08,Cancelled,"Migrate on-premises infrastructure to IaaS cloud platforms, improving scalability and flexibility.",USER-014,2025-01-19,2025-02-08
OPP-225,Platform as a Service (PaaS),ACC-004,LEAD-063,Discovery,60,11726,2025-03-29,,In Progress,"Migrate application development and deployment to PaaS cloud platforms, accelerating development cycles.",USER-014,2025-01-23,2025-02-03
OPP-226,Software as a Service (SaaS),ACC-003,LEAD-063,Follow Up,90,9241,2025-12-30,,In Progress,"Migrate business applications to SaaS cloud platforms, reducing maintenance and operational overhead.",USER-014,2025-01-25,2025-02-23
OPP-227,Hybrid Cloud Implementation,ACC-004,LEAD-063,Connected,30,38833,2025-03-26,2025-02-16,Won,"Implement a hybrid cloud environment, integrating on-premises and cloud resources for optimal performance.",USER-014,2025-01-28,2025-02-16
OPP-228,Data Migration & Integration,ACC-001,LEAD-063,Discovery,90,28077,2025-04-14,2025-03-06,Cancelled,"Migrate and integrate data from on-premises systems to the cloud, ensuring data consistency and accessibility.",USER-014,2025-02-05,2025-03-06
OPP-229,Application Modernization,ACC-002,LEAD-063,Follow Up,90,48940,2025-11-13,2025-03-08,Cancelled,"Modernize legacy applications during cloud migration, leveraging cloud-native technologies.",USER-014,2025-02-06,2025-03-08
OPP-230,Security and Compliance,ACC-001,LEAD-063,Discovery,90,49083,2025-07-04,,In Progress,"Implement security and compliance measures during cloud migration, protecting sensitive data and meeting regulatory requirements.",USER-014,2025-02-07,2025-03-03
OPP-231,Cost Optimization,ACC-004,LEAD-063,Connected,30,9897,2025-10-08,2025-02-25,Cancelled,"Optimize cloud costs during migration, identifying and eliminating unnecessary expenses.",USER-014,2025-02-07,2025-02-25
OPP-232,Disaster Recovery and Business Continuity,ACC-001,LEAD-063,Discovery,30,27508,2025-11-01,2025-02-19,Won,"Implement disaster recovery and business continuity plans during cloud migration, ensuring minimal downtime.",USER-014,2025-02-13,2025-02-19
OPP-233,ERP Implementation - TechCorp,ACC-004,LEAD-064,Follow Up,30,28495,2025-07-29,2025-03-12,Won,"Comprehensive ERP system implementation for TechCorp, including requirements gathering, configuration, data migration, testing, and user training.",USER-015,2025-02-24,2025-03-12
OPP-234,Cloud-Based ERP Upgrade,ACC-001,LEAD-064,Follow Up,30,49417,2025-10-15,,In Progress,"Upgrade existing on-premise ERP to a cloud-based solution, improving scalability and accessibility.",USER-015,2025-02-28,2025-03-07
OPP-235,ERP Customization & Integration,ACC-004,LEAD-064,Connected,90,28801,2025-09-08,,In Progress,Customize and integrate the ERP system with existing business applications and third-party tools.,USER-015,2025-02-28,2025-03-21
OPP-236,Infrastructure as a Service (IaaS),ACC-004,LEAD-065,Follow Up,30,57118,2025-08-24,2024-12-23,Cancelled,"Migrate on-premises infrastructure to IaaS cloud platforms, improving scalability and flexibility.",USER-010,2024-12-21,2024-12-23
OPP-237,Platform as a Service (PaaS),ACC-001,LEAD-065,Connected,30,35370,2025-07-14,2025-01-18,Won,"Migrate application development and deployment to PaaS cloud platforms, accelerating development cycles.",USER-010,2024-12-23,2025-01-18
OPP-238,Software as a Service (SaaS),ACC-003,LEAD-065,Connected,30,39870,2025-10-09,2025-01-26,Cancelled,"Migrate business applications to SaaS cloud platforms, reducing maintenance and operational overhead.",USER-010,2025-01-01,2025-01-26
OPP-239,Hybrid Cloud Implementation,ACC-001,LEAD-065,Follow Up,60,15398,2025-09-04,,In Progress,"Implement a hybrid cloud environment, integrating on-premises and cloud resources for optimal performance.",USER-010,2025-01-04,2025-01-07
OPP-240,Data Migration & Integration,ACC-002,LEAD-065,Discovery,90,21600,2025-03-26,2025-01-28,Cancelled,"Migrate and integrate data from on-premises systems to the cloud, ensuring data consistency and accessibility.",USER-010,2025-01-05,2025-01-28
OPP-241,Application Modernization,ACC-003,LEAD-065,Connected,30,42419,2025-04-04,2025-02-07,Cancelled,"Modernize legacy applications during cloud migration, leveraging cloud-native technologies.",USER-010,2025-01-13,2025-02-07
OPP-242,Security and Compliance,ACC-002,LEAD-065,Follow Up,30,32395,2025-12-01,2025-02-10,Cancelled,"Implement security and compliance measures during cloud migration, protecting sensitive data and meeting regulatory requirements.",USER-010,2025-01-17,2025-02-10
OPP-243,Phishing Simulation,ACC-003,LEAD-066,Follow Up,90,23657,2025-03-24,,In Progress,Conduct simulated phishing campaigns to educate employees on recognizing and avoiding phishing attacks.,USER-015,2024-12-24,2025-01-15
OPP-244,Ransomware Prevention,ACC-002,LEAD-066,Discovery,60,11559,2025-10-05,2025-01-07,Cancelled,"Train employees on how to prevent ransomware attacks, including recognizing malicious emails and downloads.",USER-015,2024-12-28,2025-01-07
OPP-245,Password Security,ACC-004,LEAD-066,Discovery,60,34200,2025-11-10,2025-01-13,Cancelled,"Educate employees on creating strong passwords, using password managers, and avoiding password reuse.",USER-015,2024-12-28,2025-01-13
OPP-246,Data Privacy and GDPR,ACC-003,LEAD-066,Discovery,30,59600,2025-04-14,,In Progress,"Provide training on data privacy regulations, including GDPR, and best practices for protecting sensitive data.",USER-015,2025-01-05,2025-01-31
OPP-247,Customer Behavior Analysis,ACC-003,LEAD-068,Connected,60,33993,2025-12-28,2025-01-16,Cancelled,"Develop analytics solutions to understand customer behavior, segmentation, and purchasing patterns.",USER-017,2025-01-12,2025-01-16
OPP-248,Database Encryption,ACC-003,LEAD-069,Discovery,90,22479,2025-10-11,,In Progress,"Implement encryption for sensitive data stored in databases, protecting against unauthorized access.",USER-019,2024-12-15,2024-12-30
OPP-249,File Encryption,ACC-004,LEAD-069,Connected,30,57639,2025-05-04,2025-01-20,Cancelled,Encrypt individual files and folders to protect sensitive data from unauthorized access and disclosure.,USER-019,2024-12-22,2025-01-20
OPP-250,Full Disk Encryption,ACC-002,LEAD-069,Connected,90,38641,2025-12-04,2025-01-13,Cancelled,Encrypt entire hard drives or storage devices to protect all data stored on them.,USER-019,2024-12-27,2025-01-13
OPP-251,Network Infrastructure,ACC-001,LEAD-071,Connected,90,11194,2025-06-29,2025-01-03,Cancelled,"Comprehensive audit of network devices, firewalls, and intrusion detection systems to identify security vulnerabilities.",USER-002,2024-12-13,2025-01-03
OPP-252,Web Application,ACC-004,LEAD-071,Connected,90,37957,2025-10-10,2025-01-15,Cancelled,"Detailed assessment of web application security, including OWASP top 10 vulnerabilities.",USER-002,2024-12-18,2025-01-15
OPP-253,Network Infrastructure,ACC-002,LEAD-073,Connected,60,34618,2025-04-15,2025-03-12,Cancelled,"Comprehensive audit of network devices, firewalls, and intrusion detection systems to identify security vulnerabilities.",USER-003,2025-02-17,2025-03-12
OPP-254,Web Application,ACC-003,LEAD-073,Follow Up,30,42274,2025-12-12,,In Progress,"Detailed assessment of web application security, including OWASP top 10 vulnerabilities.",USER-003,2025-02-21,2025-03-22
OPP-255,Cloud Environment,ACC-003,LEAD-073,Discovery,30,49500,2025-10-01,,In Progress,"Evaluation of security controls within cloud environments (AWS, Azure, GCP) to ensure data protection.",USER-003,2025-03-02,2025-03-08
OPP-256,Data Security and Privacy,ACC-001,LEAD-073,Connected,90,25013,2025-07-16,2025-03-31,Cancelled,"Audit of data storage, transmission, and access controls to ensure data security and privacy compliance.",USER-003,2025-03-08,2025-03-31
OPP-257,Compliance (PCI DSS),ACC-003,LEAD-073,Follow Up,30,19886,2025-11-30,2025-03-29,Won,Audit to ensure compliance with Payment Card Industry Data Security Standard (PCI DSS).,USER-003,2025-03-12,2025-03-29
OPP-258,Compliance (HIPAA),ACC-002,LEAD-073,Connected,60,12111,2025-07-17,,In Progress,Audit to ensure compliance with Health Insurance Portability and Accountability Act (HIPAA).,USER-003,2025-03-18,2025-04-08
OPP-259,Compliance (GDPR),ACC-004,LEAD-073,Discovery,60,19482,2026-01-10,2025-04-05,Cancelled,Audit to ensure compliance with General Data Protection Regulation (GDPR).,USER-003,2025-03-19,2025-04-05
OPP-260,Internal Systems,ACC-001,LEAD-073,Follow Up,60,55830,2025-09-05,,In Progress,Assessment of internal systems and applications to identify security weaknesses.,USER-003,2025-03-20,2025-04-08
OPP-261,Web Application,ACC-004,LEAD-074,Follow Up,90,9903,2025-10-20,2024-12-13,Cancelled,Simulate real-world attacks against web applications to identify vulnerabilities and weaknesses.,USER-006,2024-12-13,2024-12-13
OPP-262,Mobile Application,ACC-004,LEAD-074,Follow Up,90,46258,2025-04-24,2024-12-25,Won,Assess the security of mobile applications by simulating attacks on both the client and server sides.,USER-006,2024-12-15,2024-12-25
OPP-263,Network Infrastructure,ACC-004,LEAD-074,Discovery,90,21718,2025-04-01,2025-01-14,Won,"Evaluate the security of network devices, firewalls, and intrusion detection systems through simulated attacks.",USER-006,2024-12-22,2025-01-14
OPP-264,Cloud Environment,ACC-001,LEAD-074,Connected,60,52736,2025-03-27,2025-01-17,Won,"Conduct penetration testing of cloud environments (AWS, Azure, GCP) to identify misconfigurations and vulnerabilities.",USER-006,2024-12-26,2025-01-17
OPP-265,Wireless Network,ACC-002,LEAD-074,Discovery,90,57334,2025-08-19,2025-01-04,Won,"Assess the security of wireless networks, including access points and authentication mechanisms.",USER-006,2024-12-26,2025-01-04
OPP-266,API Security,ACC-002,LEAD-074,Connected,90,50344,2025-03-03,2025-01-07,Cancelled,"Evaluate the security of APIs by simulating attacks on authentication, authorization, and data validation.",USER-006,2024-12-29,2025-01-07
OPP-267,Internal Network,ACC-004,LEAD-074,Discovery,90,42508,2025-08-07,2025-01-29,Won,Simulate attacks against internal network systems to identify vulnerabilities and assess the impact of internal threats.,USER-006,2025-01-01,2025-01-29
OPP-268,External Network,ACC-002,LEAD-074,Follow Up,60,50602,2025-04-17,,In Progress,Conduct penetration testing of external-facing systems to identify vulnerabilities exposed to the internet.,USER-006,2025-01-10,2025-01-19
OPP-269,IoT Devices,ACC-002,LEAD-074,Connected,90,44648,2025-11-11,2025-01-25,Cancelled,Assess the security of IoT devices and related infrastructure through simulated attacks.,USER-006,2025-01-14,2025-01-25
OPP-270,ERP Implementation - TechCorp,ACC-001,LEAD-075,Discovery,60,39211,2025-10-27,2025-01-16,Cancelled,"Comprehensive ERP system implementation for TechCorp, including requirements gathering, configuration, data migration, testing, and user training.",USER-004,2024-12-17,2025-01-16
OPP-271,Cloud-Based ERP Upgrade,ACC-004,LEAD-075,Discovery,30,33392,2025-05-21,,In Progress,"Upgrade existing on-premise ERP to a cloud-based solution, improving scalability and accessibility.",USER-004,2024-12-26,2025-01-24
OPP-272,Phishing Simulation,ACC-003,LEAD-076,Discovery,60,12215,2026-01-02,2025-03-05,Cancelled,Conduct simulated phishing campaigns to educate employees on recognizing and avoiding phishing attacks.,USER-013,2025-02-05,2025-03-05
OPP-273,Ransomware Prevention,ACC-001,LEAD-076,Discovery,60,17381,2025-05-25,,In Progress,"Train employees on how to prevent ransomware attacks, including recognizing malicious emails and downloads.",USER-013,2025-02-08,2025-03-09
OPP-274,Web Application,ACC-004,LEAD-077,Follow Up,60,29660,2025-05-05,2025-02-11,Cancelled,Simulate real-world attacks against web applications to identify vulnerabilities and weaknesses.,USER-005,2025-01-27,2025-02-11
OPP-275,Mobile Application,ACC-003,LEAD-077,Follow Up,60,37037,2026-01-13,2025-02-23,Cancelled,Assess the security of mobile applications by simulating attacks on both the client and server sides.,USER-005,2025-01-30,2025-02-23
OPP-276,Network Infrastructure,ACC-002,LEAD-077,Connected,90,30561,2025-10-07,2025-02-14,Won,"Evaluate the security of network devices, firewalls, and intrusion detection systems through simulated attacks.",USER-005,2025-02-04,2025-02-14
OPP-277,Cloud Environment,ACC-002,LEAD-077,Follow Up,90,44650,2025-07-07,2025-02-24,Won,"Conduct penetration testing of cloud environments (AWS, Azure, GCP) to identify misconfigurations and vulnerabilities.",USER-005,2025-02-06,2025-02-24
OPP-278,Wireless Network,ACC-001,LEAD-077,Follow Up,60,14776,2026-01-05,,In Progress,"Assess the security of wireless networks, including access points and authentication mechanisms.",USER-005,2025-02-14,2025-02-23
OPP-279,API Security,ACC-001,LEAD-077,Connected,30,33245,2025-12-25,2025-03-03,Cancelled,"Evaluate the security of APIs by simulating attacks on authentication, authorization, and data validation.",USER-005,2025-02-16,2025-03-03
OPP-280,Customer Experience Enhancement,ACC-004,LEAD-079,Discovery,90,58137,2025-09-21,,In Progress,Implement digital solutions to enhance customer experience across all touchpoints.,USER-001,2024-12-10,2024-12-12
OPP-281,Business Process Automation,ACC-002,LEAD-079,Discovery,60,40925,2025-02-03,2024-12-31,Won,Automate manual business processes using digital technologies to improve efficiency and reduce costs.,USER-001,2024-12-18,2024-12-31
OPP-282,Cloud Adoption Strategy,ACC-004,LEAD-079,Connected,60,26867,2025-03-05,,In Progress,Develop and execute a cloud adoption strategy to leverage cloud services for scalability and agility.,USER-001,2024-12-21,2024-12-21
OPP-283,Data-Driven Decision Making,ACC-002,LEAD-079,Discovery,30,53266,2025-05-17,,In Progress,Implement data analytics and business intelligence tools to enable data-driven decision making.,USER-001,2024-12-23,2024-12-31
OPP-284,Mobile First Strategy,ACC-004,LEAD-079,Discovery,90,59024,2025-11-08,2025-01-17,Won,Develop a mobile-first strategy to optimize digital experiences for mobile users.,USER-001,2024-12-27,2025-01-17
OPP-285,Phishing Simulation,ACC-004,LEAD-080,Follow Up,60,46949,2025-08-14,,In Progress,Conduct simulated phishing campaigns to educate employees on recognizing and avoiding phishing attacks.,USER-002,2024-12-24,2025-01-16
OPP-286,ERP Implementation - TechCorp,ACC-001,LEAD-081,Connected,90,28331,2025-06-17,,In Progress,"Comprehensive ERP system implementation for TechCorp, including requirements gathering, configuration, data migration, testing, and user training.",USER-004,2024-12-28,2024-12-28
OPP-287,Cloud-Based ERP Upgrade,ACC-002,LEAD-081,Discovery,60,23700,2025-04-27,,In Progress,"Upgrade existing on-premise ERP to a cloud-based solution, improving scalability and accessibility.",USER-004,2025-01-05,2025-01-13
OPP-288,ERP Customization & Integration,ACC-001,LEAD-081,Discovery,60,49240,2025-07-21,2025-01-25,Won,Customize and integrate the ERP system with existing business applications and third-party tools.,USER-004,2025-01-08,2025-01-25
OPP-289,ERP Data Migration Project,ACC-003,LEAD-081,Follow Up,90,8320,2025-02-22,2025-02-06,Cancelled,"Plan and execute the migration of legacy data to the new ERP system, ensuring data integrity and accuracy.",USER-004,2025-01-09,2025-02-06
OPP-290,Post-Implementation ERP Support,ACC-002,LEAD-081,Follow Up,30,12793,2025-03-03,2025-01-19,Won,"Provide ongoing support and maintenance for the implemented ERP system, addressing user issues and system enhancements.",USER-004,2025-01-09,2025-01-19
OPP-291,ERP Security Enhancement,ACC-002,LEAD-081,Follow Up,60,54977,2025-08-14,2025-01-27,Won,"Implement security measures to protect sensitive data within the ERP system, including access control and encryption.",USER-004,2025-01-14,2025-01-27
OPP-292,ERP Training & Adoption Program,ACC-004,LEAD-081,Follow Up,60,46334,2025-07-02,,In Progress,Develop and deliver training programs to ensure user adoption and effective utilization of the ERP system.,USER-004,2025-01-19,2025-01-24
OPP-293,ERP Implementation - TechCorp,ACC-002,LEAD-082,Follow Up,60,40579,2025-04-10,2025-02-04,Won,"Comprehensive ERP system implementation for TechCorp, including requirements gathering, configuration, data migration, testing, and user training.",USER-004,2025-01-14,2025-02-04
OPP-294,Cloud-Based ERP Upgrade,ACC-001,LEAD-082,Discovery,60,11141,2025-07-18,,In Progress,"Upgrade existing on-premise ERP to a cloud-based solution, improving scalability and accessibility.",USER-004,2025-01-23,2025-02-15
OPP-295,Network Infrastructure,ACC-004,LEAD-084,Follow Up,60,57239,2025-07-01,2025-03-07,Won,"Comprehensive audit of network devices, firewalls, and intrusion detection systems to identify security vulnerabilities.",USER-002,2025-02-17,2025-03-07
OPP-296,Web Application,ACC-001,LEAD-084,Connected,90,38755,2025-08-01,2025-02-26,Won,"Detailed assessment of web application security, including OWASP top 10 vulnerabilities.",USER-002,2025-02-23,2025-02-26
OPP-297,Cloud Environment,ACC-003,LEAD-084,Connected,30,31969,2025-04-14,,In Progress,"Evaluation of security controls within cloud environments (AWS, Azure, GCP) to ensure data protection.",USER-002,2025-02-27,2025-03-27
OPP-298,Data Security and Privacy,ACC-004,LEAD-084,Discovery,30,56033,2025-06-05,,In Progress,"Audit of data storage, transmission, and access controls to ensure data security and privacy compliance.",USER-002,2025-03-06,2025-03-24
OPP-299,Compliance (PCI DSS),ACC-002,LEAD-084,Follow Up,60,48956,2025-12-01,,In Progress,Audit to ensure compliance with Payment Card Industry Data Security Standard (PCI DSS).,USER-002,2025-03-07,2025-03-16
OPP-300,Ransomware Attack,ACC-002,LEAD-085,Connected,30,35168,2025-04-21,2025-03-09,Cancelled,"Respond to and contain ransomware attacks, including data recovery and system restoration.",USER-003,2025-02-16,2025-03-09
OPP-301,Web Application,ACC-003,LEAD-086,Discovery,60,28887,2025-12-05,2025-01-14,Cancelled,Simulate real-world attacks against web applications to identify vulnerabilities and weaknesses.,USER-001,2025-01-13,2025-01-14
OPP-302,Mobile Application,ACC-003,LEAD-086,Connected,30,13423,2025-04-11,,In Progress,Assess the security of mobile applications by simulating attacks on both the client and server sides.,USER-001,2025-01-17,2025-01-31
OPP-303,Network Infrastructure,ACC-004,LEAD-086,Connected,90,47136,2025-03-28,2025-01-24,Cancelled,"Evaluate the security of network devices, firewalls, and intrusion detection systems through simulated attacks.",USER-001,2025-01-17,2025-01-24
OPP-304,Cloud Environment,ACC-002,LEAD-086,Discovery,30,8701,2025-03-03,2025-02-10,Won,"Conduct penetration testing of cloud environments (AWS, Azure, GCP) to identify misconfigurations and vulnerabilities.",USER-001,2025-01-26,2025-02-10
OPP-305,Infrastructure as a Service (IaaS),ACC-004,LEAD-088,Discovery,60,30602,2025-07-23,,In Progress,"Migrate on-premises infrastructure to IaaS cloud platforms, improving scalability and flexibility.",USER-008,2025-02-04,2025-02-08
OPP-306,Platform as a Service (PaaS),ACC-003,LEAD-088,Connected,30,38049,2025-09-23,,In Progress,"Migrate application development and deployment to PaaS cloud platforms, accelerating development cycles.",USER-008,2025-02-07,2025-02-22
OPP-307,Software as a Service (SaaS),ACC-001,LEAD-088,Follow Up,90,45836,2025-08-31,,In Progress,"Migrate business applications to SaaS cloud platforms, reducing maintenance and operational overhead.",USER-008,2025-02-10,2025-02-17
OPP-308,Hybrid Cloud Implementation,ACC-004,LEAD-088,Follow Up,60,18874,2025-07-04,2025-03-06,Won,"Implement a hybrid cloud environment, integrating on-premises and cloud resources for optimal performance.",USER-008,2025-02-13,2025-03-06
OPP-309,Data Migration & Integration,ACC-003,LEAD-088,Discovery,30,51706,2025-08-20,,In Progress,"Migrate and integrate data from on-premises systems to the cloud, ensuring data consistency and accessibility.",USER-008,2025-02-15,2025-03-04
OPP-310,Application Modernization,ACC-001,LEAD-088,Connected,60,15487,2026-02-01,2025-03-08,Won,"Modernize legacy applications during cloud migration, leveraging cloud-native technologies.",USER-008,2025-02-21,2025-03-08
OPP-311,Security and Compliance,ACC-003,LEAD-088,Discovery,60,49644,2025-11-04,,In Progress,"Implement security and compliance measures during cloud migration, protecting sensitive data and meeting regulatory requirements.",USER-008,2025-02-26,2025-03-13
OPP-312,Cost Optimization,ACC-002,LEAD-088,Connected,60,45504,2025-04-06,2025-03-19,Won,"Optimize cloud costs during migration, identifying and eliminating unnecessary expenses.",USER-008,2025-03-05,2025-03-19
OPP-313,Phishing Simulation,ACC-003,LEAD-089,Follow Up,90,15958,2025-05-09,2025-03-05,Won,Conduct simulated phishing campaigns to educate employees on recognizing and avoiding phishing attacks.,USER-009,2025-02-22,2025-03-05
OPP-314,Ransomware Prevention,ACC-003,LEAD-089,Follow Up,30,9264,2025-06-19,,In Progress,"Train employees on how to prevent ransomware attacks, including recognizing malicious emails and downloads.",USER-009,2025-02-23,2025-03-14
OPP-315,Password Security,ACC-004,LEAD-089,Follow Up,60,25817,2025-08-19,,In Progress,"Educate employees on creating strong passwords, using password managers, and avoiding password reuse.",USER-009,2025-03-01,2025-03-16
OPP-316,Data Privacy and GDPR,ACC-004,LEAD-089,Discovery,30,46167,2026-02-22,,In Progress,"Provide training on data privacy regulations, including GDPR, and best practices for protecting sensitive data.",USER-009,2025-03-09,2025-03-17
OPP-317,Social Engineering Awareness,ACC-001,LEAD-089,Follow Up,60,41983,2025-04-10,2025-04-01,Cancelled,"Train employees on recognizing and avoiding social engineering tactics, such as pretexting and baiting.",USER-009,2025-03-10,2025-04-01
OPP-318,Mobile Device Security,ACC-004,LEAD-089,Connected,90,44268,2025-07-22,,In Progress,"Educate employees on securing mobile devices, including using strong passcodes and avoiding unsecured Wi-Fi.",USER-009,2025-03-16,2025-04-08
OPP-319,Remote Work Security,ACC-002,LEAD-089,Discovery,30,17863,2026-03-17,2025-04-11,Cancelled,"Provide training on security best practices for remote work, including using VPNs and securing home networks.",USER-009,2025-03-20,2025-04-11
OPP-320,Insider Threat Awareness,ACC-002,LEAD-089,Follow Up,30,15228,2025-08-12,2025-04-10,Won,"Train employees on recognizing and reporting insider threats, such as data exfiltration and sabotage.",USER-009,2025-03-27,2025-04-10
OPP-321,Firewall Implementation,ACC-001,LEAD-091,Connected,30,32886,2025-05-19,,In Progress,Implement and configure firewalls to control network traffic and protect against unauthorized access.,USER-006,2025-02-27,2025-03-17
OPP-322,Intrusion Detection/Prevention System (IDS/IPS),ACC-003,LEAD-091,Follow Up,30,59012,2025-10-23,,In Progress,Deploy IDS/IPS systems to detect and prevent network intrusions and malicious activity.,USER-006,2025-03-07,2025-03-29
OPP-323,Virtual Private Network (VPN) Deployment,ACC-003,LEAD-091,Follow Up,30,22900,2026-02-01,,In Progress,Deploy VPN solutions to provide secure remote access to network resources.,USER-006,2025-03-15,2025-04-14
OPP-324,Security Information and Event Management (SIEM),ACC-001,LEAD-091,Discovery,30,23345,2026-01-03,2025-03-30,Cancelled,"Implement SIEM solutions to collect, analyze, and correlate security logs and events.",USER-006,2025-03-21,2025-03-30
OPP-325,Network Access Control (NAC),ACC-001,LEAD-091,Follow Up,60,40171,2025-11-07,,In Progress,Implement NAC solutions to control access to network resources based on user and device identity.,USER-006,2025-03-25,2025-04-19
OPP-326,Customer Behavior Analysis,ACC-004,LEAD-092,Connected,60,40499,2025-06-10,2025-01-01,Cancelled,"Develop analytics solutions to understand customer behavior, segmentation, and purchasing patterns.",USER-017,2024-12-21,2025-01-01
OPP-327,Sales Performance Optimization,ACC-003,LEAD-092,Connected,30,14180,2025-03-09,2025-01-12,Won,"Implement analytics to optimize sales processes, identify top performers, and improve revenue generation.",USER-017,2024-12-29,2025-01-12
OPP-328,Marketing Campaign Effectiveness,ACC-004,LEAD-092,Discovery,90,13889,2025-08-26,,In Progress,"Analyze marketing campaign data to measure effectiveness, ROI, and optimize future campaigns.",USER-017,2025-01-07,2025-01-09
OPP-329,Supply Chain Optimization,ACC-001,LEAD-092,Follow Up,60,44924,2025-09-12,,In Progress,"Apply analytics to optimize inventory management, logistics, and supply chain efficiency.",USER-017,2025-01-07,2025-02-04
OPP-330,Financial Forecasting,ACC-004,LEAD-092,Follow Up,90,42211,2025-10-21,2025-01-19,Cancelled,"Build predictive models for financial forecasting, budgeting, and financial risk assessment.",USER-017,2025-01-12,2025-01-19
OPP-331,Operational Efficiency Improvement,ACC-004,LEAD-092,Connected,90,10159,2025-07-26,2025-01-28,Won,"Develop analytics to identify bottlenecks, improve process efficiency, and reduce operational costs.",USER-017,2025-01-17,2025-01-28
OPP-332,Phishing Simulation,ACC-004,LEAD-093,Discovery,90,20102,2025-12-25,2024-12-26,Won,Conduct simulated phishing campaigns to educate employees on recognizing and avoiding phishing attacks.,USER-004,2024-12-26,2024-12-26
OPP-333,Ransomware Prevention,ACC-001,LEAD-093,Follow Up,60,30463,2025-12-16,2025-01-05,Won,"Train employees on how to prevent ransomware attacks, including recognizing malicious emails and downloads.",USER-004,2025-01-02,2025-01-05
OPP-334,Password Security,ACC-001,LEAD-093,Discovery,90,42606,2025-10-15,2025-01-18,Cancelled,"Educate employees on creating strong passwords, using password managers, and avoiding password reuse.",USER-004,2025-01-11,2025-01-18
OPP-335,Data Privacy and GDPR,ACC-002,LEAD-093,Discovery,90,46744,2025-04-19,2025-02-05,Won,"Provide training on data privacy regulations, including GDPR, and best practices for protecting sensitive data.",USER-004,2025-01-20,2025-02-05
OPP-336,Social Engineering Awareness,ACC-003,LEAD-093,Discovery,60,52298,2025-06-28,2025-02-16,Won,"Train employees on recognizing and avoiding social engineering tactics, such as pretexting and baiting.",USER-004,2025-01-21,2025-02-16
OPP-337,Customer Behavior Analysis,ACC-003,LEAD-094,Follow Up,30,15922,2025-09-02,2025-01-01,Cancelled,"Develop analytics solutions to understand customer behavior, segmentation, and purchasing patterns.",USER-016,2024-12-21,2025-01-01
OPP-338,Sales Performance Optimization,ACC-002,LEAD-094,Follow Up,90,13945,2025-03-28,2025-01-21,Won,"Implement analytics to optimize sales processes, identify top performers, and improve revenue generation.",USER-016,2024-12-22,2025-01-21
OPP-339,Marketing Campaign Effectiveness,ACC-003,LEAD-094,Connected,60,40921,2025-06-22,2025-01-15,Cancelled,"Analyze marketing campaign data to measure effectiveness, ROI, and optimize future campaigns.",USER-016,2024-12-23,2025-01-15
OPP-340,Supply Chain Optimization,ACC-002,LEAD-094,Follow Up,60,49728,2025-09-10,2025-01-14,Won,"Apply analytics to optimize inventory management, logistics, and supply chain efficiency.",USER-016,2024-12-29,2025-01-14
OPP-341,Financial Forecasting,ACC-003,LEAD-094,Discovery,90,49750,2025-12-07,2025-01-15,Won,"Build predictive models for financial forecasting, budgeting, and financial risk assessment.",USER-016,2025-01-02,2025-01-15
OPP-342,Operational Efficiency Improvement,ACC-003,LEAD-094,Discovery,60,45508,2025-06-05,,In Progress,"Develop analytics to identify bottlenecks, improve process efficiency, and reduce operational costs.",USER-016,2025-01-10,2025-02-08
OPP-343,Risk Management Analytics,ACC-001,LEAD-094,Discovery,90,9437,2026-01-06,,In Progress,"Implement analytics for risk assessment, fraud detection, and compliance monitoring.",USER-016,2025-01-13,2025-02-01
OPP-344,Predictive Maintenance,ACC-003,LEAD-094,Follow Up,90,15154,2025-08-10,2025-02-07,Cancelled,Utilize predictive analytics to forecast equipment failures and optimize maintenance schedules.,USER-016,2025-01-15,2025-02-07
OPP-345,Infrastructure as a Service (IaaS),ACC-002,LEAD-095,Follow Up,90,44874,2025-12-17,,In Progress,"Migrate on-premises infrastructure to IaaS cloud platforms, improving scalability and flexibility.",USER-016,2024-12-22,2025-01-19
OPP-346,Platform as a Service (PaaS),ACC-003,LEAD-095,Connected,90,17079,2025-07-30,,In Progress,"Migrate application development and deployment to PaaS cloud platforms, accelerating development cycles.",USER-016,2024-12-28,2025-01-18
OPP-347,Software as a Service (SaaS),ACC-003,LEAD-095,Follow Up,60,49735,2025-04-24,2025-01-18,Cancelled,"Migrate business applications to SaaS cloud platforms, reducing maintenance and operational overhead.",USER-016,2025-01-06,2025-01-18
OPP-348,Hybrid Cloud Implementation,ACC-001,LEAD-095,Discovery,90,55260,2025-12-18,2025-01-29,Cancelled,"Implement a hybrid cloud environment, integrating on-premises and cloud resources for optimal performance.",USER-016,2025-01-12,2025-01-29
OPP-349,Data Migration & Integration,ACC-003,LEAD-095,Follow Up,30,8150,2025-12-03,2025-01-28,Won,"Migrate and integrate data from on-premises systems to the cloud, ensuring data consistency and accessibility.",USER-016,2025-01-19,2025-01-28
OPP-350,Application Modernization,ACC-001,LEAD-095,Connected,60,47844,2025-07-17,,In Progress,"Modernize legacy applications during cloud migration, leveraging cloud-native technologies.",USER-016,2025-01-24,2025-02-22
OPP-351,Security and Compliance,ACC-002,LEAD-095,Connected,60,36026,2025-07-09,2025-02-01,Won,"Implement security and compliance measures during cloud migration, protecting sensitive data and meeting regulatory requirements.",USER-016,2025-01-26,2025-02-01
OPP-352,Customer Experience Enhancement,ACC-003,LEAD-096,Follow Up,90,42072,2025-05-04,2025-01-13,Cancelled,Implement digital solutions to enhance customer experience across all touchpoints.,USER-011,2025-01-08,2025-01-13
OPP-353,Business Process Automation,ACC-004,LEAD-096,Follow Up,30,16262,2025-07-11,2025-02-04,Cancelled,Automate manual business processes using digital technologies to improve efficiency and reduce costs.,USER-011,2025-01-11,2025-02-04
OPP-354,ERP Implementation - TechCorp,ACC-003,LEAD-097,Discovery,60,46243,2025-09-13,,In Progress,"Comprehensive ERP system implementation for TechCorp, including requirements gathering, configuration, data migration, testing, and user training.",USER-008,2025-01-23,2025-02-20
OPP-355,Cloud-Based ERP Upgrade,ACC-004,LEAD-097,Connected,90,17983,2025-11-07,,In Progress,"Upgrade existing on-premise ERP to a cloud-based solution, improving scalability and accessibility.",USER-008,2025-01-24,2025-02-20
OPP-356,ERP Customization & Integration,ACC-002,LEAD-097,Follow Up,30,42113,2025-03-13,2025-02-18,Cancelled,Customize and integrate the ERP system with existing business applications and third-party tools.,USER-008,2025-01-28,2025-02-18
OPP-357,ERP Data Migration Project,ACC-003,LEAD-097,Connected,60,13980,2025-05-13,2025-02-19,Cancelled,"Plan and execute the migration of legacy data to the new ERP system, ensuring data integrity and accuracy.",USER-008,2025-01-30,2025-02-19
OPP-358,Post-Implementation ERP Support,ACC-004,LEAD-097,Connected,60,34770,2025-05-31,2025-02-24,Won,"Provide ongoing support and maintenance for the implemented ERP system, addressing user issues and system enhancements.",USER-008,2025-02-03,2025-02-24
OPP-359,ERP Security Enhancement,ACC-003,LEAD-097,Follow Up,90,16737,2025-04-17,2025-03-05,Cancelled,"Implement security measures to protect sensitive data within the ERP system, including access control and encryption.",USER-008,2025-02-11,2025-03-05
OPP-360,ERP Implementation - TechCorp,ACC-004,LEAD-098,Connected,30,30563,2025-06-22,2025-02-26,Won,"Comprehensive ERP system implementation for TechCorp, including requirements gathering, configuration, data migration, testing, and user training.",USER-015,2025-02-24,2025-02-26
OPP-361,Cloud-Based ERP Upgrade,ACC-003,LEAD-098,Follow Up,90,43949,2025-10-24,2025-03-13,Won,"Upgrade existing on-premise ERP to a cloud-based solution, improving scalability and accessibility.",USER-015,2025-02-27,2025-03-13
OPP-362,ERP Customization & Integration,ACC-002,LEAD-098,Connected,90,52657,2025-04-22,,In Progress,Customize and integrate the ERP system with existing business applications and third-party tools.,USER-015,2025-03-02,2025-03-18
OPP-363,ERP Data Migration Project,ACC-002,LEAD-098,Connected,30,12929,2026-02-14,,In Progress,"Plan and execute the migration of legacy data to the new ERP system, ensuring data integrity and accuracy.",USER-015,2025-03-08,2025-03-28
OPP-364,Post-Implementation ERP Support,ACC-003,LEAD-098,Discovery,60,18157,2025-06-22,,In Progress,"Provide ongoing support and maintenance for the implemented ERP system, addressing user issues and system enhancements.",USER-015,2025-03-14,2025-03-22
OPP-365,ERP Security Enhancement,ACC-002,LEAD-098,Connected,90,32514,2025-04-30,2025-03-27,Won,"Implement security measures to protect sensitive data within the ERP system, including access control and encryption.",USER-015,2025-03-23,2025-03-27
OPP-366,ERP Training & Adoption Program,ACC-002,LEAD-098,Discovery,60,22252,2025-11-03,,In Progress,Develop and deliver training programs to ensure user adoption and effective utilization of the ERP system.,USER-015,2025-03-28,2025-04-23
OPP-367,ERP Process Optimization,ACC-004,LEAD-098,Follow Up,30,38882,2025-06-10,2025-04-11,Won,Analyze existing business processes and optimize them for integration with the new ERP system.,USER-015,2025-04-02,2025-04-11
OPP-368,Global ERP Rollout,ACC-002,LEAD-098,Connected,30,32684,2025-07-26,2025-04-25,Won,"Deploy the ERP system across multiple international locations, addressing regional requirements and regulations.",USER-015,2025-04-05,2025-04-25
OPP-369,ERP Reporting & Analytics Implementation,ACC-002,LEAD-098,Follow Up,30,51667,2025-12-25,2025-04-28,Cancelled,Configure and implement reporting and analytics capabilities within the ERP system to provide actionable insights.,USER-015,2025-04-13,2025-04-28
OPP-370,Phishing Simulation,ACC-002,LEAD-100,Connected,60,53149,2025-05-19,2024-12-28,Won,Conduct simulated phishing campaigns to educate employees on recognizing and avoiding phishing attacks.,USER-007,2024-12-12,2024-12-28
OPP-371,Ransomware Prevention,ACC-004,LEAD-100,Discovery,60,16957,2025-10-05,,In Progress,"Train employees on how to prevent ransomware attacks, including recognizing malicious emails and downloads.",USER-007,2024-12-16,2025-01-06
OPP-372,Password Security,ACC-001,LEAD-100,Follow Up,60,26521,2025-06-01,2024-12-23,Won,"Educate employees on creating strong passwords, using password managers, and avoiding password reuse.",USER-007,2024-12-17,2024-12-23
OPP-373,Data Privacy and GDPR,ACC-003,LEAD-100,Follow Up,30,52958,2025-07-25,2024-12-30,Won,"Provide training on data privacy regulations, including GDPR, and best practices for protecting sensitive data.",USER-007,2024-12-19,2024-12-30
OPP-374,Social Engineering Awareness,ACC-002,LEAD-100,Discovery,90,51829,2025-10-22,2025-01-07,Won,"Train employees on recognizing and avoiding social engineering tactics, such as pretexting and baiting.",USER-007,2024-12-27,2025-01-07
OPP-375,Mobile Device Security,ACC-002,LEAD-100,Discovery,30,36226,2025-06-17,2025-01-10,Cancelled,"Educate employees on securing mobile devices, including using strong passcodes and avoiding unsecured Wi-Fi.",USER-007,2025-01-04,2025-01-10
OPP-376,Remote Work Security,ACC-004,LEAD-100,Connected,90,11539,2025-09-09,,In Progress,"Provide training on security best practices for remote work, including using VPNs and securing home networks.",USER-007,2025-01-12,2025-02-10
OPP-377,Insider Threat Awareness,ACC-001,LEAD-100,Discovery,90,21193,2026-01-10,2025-01-31,Won,"Train employees on recognizing and reporting insider threats, such as data exfiltration and sabotage.",USER-007,2025-01-14,2025-01-31
